projektname;projektbeschreibung;verantwortlicher;bild
Projekt1;"Lorem ipsum dolor sit amet, consectetur adipiscing elit. Nam vel arcu accumsan, aliquam risus sit amet, sodales lacus. Donec non nunc augue. Nullam fringilla, mi a imperdiet placerat, elit justo suscipit libero, nec tincidunt dolor tellus nec mauris. Ut sed ipsum pulvinar, egestas velit non, tristique nisl. Nunc dictum tristique mi, vitae pulvinar sem elementum vitae. Aliquam id risus eleifend, interdum metus a, convallis ante. Nunc ornare purus nisl, et aliquam nibh molestie quis. Duis auctor metus sed mauris ultrices, quis sollicitudin nulla gravida. Class aptent taciti sociosqu ad litora torquent per conubia nostra, per inceptos himenaeos. Fusce ornare ligula sit amet dui bibendum aliquam. Etiam vestibulum ornare odio ut porttitor. Suspendisse ullamcorper at dui ut tincidunt. Vestibulum eget lobortis velit, in tincidunt massa. Nam sit amet posuere enim. Nunc aliquam ultrices dolor sed euismod. 

Nunc in pellentesque dui. In non commodo ipsum, non scelerisque tortor. Quisque porta, nibh sed malesuada volutpat, metus dui maximus augue, vel iaculis lectus orci eu ex. Morbi congue leo vel ligula tempus vestibulum. Ut porttitor pellentesque diam, id elementum ante commodo a. Morbi sit amet lacus tempus, tempus ante et, aliquet libero. Cum sociis natoque penatibus et magnis dis parturient montes, nascetur ridiculus mus. In egestas sapien eu elit mattis elementum. Phasellus lobortis tempor erat, ac ornare leo malesuada et. Aliquam eu aliquet augue. 

Morbi imperdiet sit amet nibh non rutrum. Etiam ut sem sollicitudin, elementum odio non, pulvinar urna. Vestibulum vel felis nec eros interdum porta. Praesent quis diam quis ipsum auctor dictum. Sed accumsan odio et libero iaculis, in auctor urna vestibulum. Vivamus vel ante elementum, facilisis tortor venenatis, varius sem. Vivamus metus libero, imperdiet a eleifend sed, ullamcorper ut metus. Vestibulum volutpat erat quis scelerisque viverra. Vivamus at odio nunc. Pellentesque ultrices, orci eu dictum facilisis, est nisi sagittis mi, non sodales justo nunc nec felis. Praesent sit amet venenatis erat. Mauris nec hendrerit elit, non consectetur lacus. Donec ut sapien blandit metus bibendum tincidunt. Fusce eget orci pretium, ultrices ex eget, lobortis nulla. 

Vivamus sodales consequat nibh, vel varius metus. Ut vitae nulla sagittis, consectetur elit eu, euismod sapien. Proin imperdiet ullamcorper tellus, et maximus ante semper convallis. Sed congue aliquet nisi. Duis eget pharetra eros. Aliquam ac purus vitae massa tempus finibus. Pellentesque est nisl, ultrices vitae sapien quis, pretium pulvinar mi. Vivamus pretium a elit vel pulvinar. Aenean nec tortor suscipit, tristique justo sed, molestie velit. Fusce eu magna a est pretium feugiat in at massa. Donec tempus pulvinar dignissim. Vestibulum mauris lorem, sodales eu suscipit pulvinar, facilisis eget mauris. Nam fringilla imperdiet dictum. Duis nunc arcu, viverra a tristique ac, cursus ut tortor. 

Curabitur fermentum, eros nec fringilla dictum, metus nibh suscipit lacus, nec tincidunt urna ante vel magna. Mauris finibus volutpat neque, id feugiat eros congue eu. Sed mi eros, vehicula non ex eget, dictum aliquet augue. Aliquam ut laoreet lacus. Maecenas sed magna egestas, faucibus nisi non, fermentum nibh. Cras vitae luctus nibh. Duis nec elementum dolor. Vivamus pharetra augue non sapien mollis pharetra. Cras nisl dolor, iaculis vitae bibendum id, gravida non tellus. Aliquam nec velit elementum, condimentum enim a, aliquam lorem. Ut posuere mauris sed nibh lacinia, ac vestibulum quam ornare. Donec eu mollis turpis, sed elementum dolor. Vestibulum vehicula odio eros, et mollis urna condimentum vitae. 
";Prof. Projekt2;bild1.jpg
;;;bild2.jpg
